Applicant_ID,Age,Annual_Income,Loan_Amount,Credit_Score,Loan_Tenure,Employment_Status,Dependents,Marital_Status,Loan_Status
AID0311,39.0,508.65,145.05,High,3,Salaried,2.0,Married,Approved
AID0391,43.0,214.77,225.8,Low,3,Self-employed,0.0,Married,Rejected
AID0007,56.0,323.62,356.08,High,5,Salaried,0.0,Single,Approved
AID0185,56.0,608.2,215.69,Low,7,Self-employed,0.0,Single,Approved
AID0079,60.0,521.97,293.73,Medium,3,Salaried,1.0,Single,Approved
AID0408,60.0,669.2,227.33,Low,3,Salaried,0.0,Married,Approved
AID0077,25.0,955.33,288.74,High,3,Salaried,1.0,Married,Approved
AID0488,31.0,471.59,172.31,High,5,Unemployed,0.0,Married,Approved
AID0118,71.0,624.68,324.69,Medium,2,Salaried,1.0,Married,Approved
AID0138,41.0,750.33,179.7,Medium,3,Self-employed,1.0,Married,Approved
AID0011,28.0,595.92,247.02,Medium,7,Salaried,0.0,Single,Approved
AID0195,32.0,574.92,,Medium,1,Self-employed,1.0,Married,Approved
AID0076,32.0,502.84,93.22,Medium,7,Salaried,0.0,Single,Approved
AID0440,64.0,407.94,179.53,Medium,10,Salaried,0.0,Married,Approved
AID0480,61.0,624.51,-24.5,Medium,3,Salaried,1.0,Single,Rejected
AID0141,36.0,533.28,131.42,High,2,Salaried,3.0,Single,Approved
AID0003,32.0,42.19,234.65,Medium,2,Salaried,0.0,Single,Approved
AID0156,52.0,624.56,124.98,High,1,Salaried,2.0,Divorced,Rejected
AID0377,46.0,5805.5,1298.45,Low,7,Self-employed,0.0,Single,Approved
AID0132,64.0,398.51,380.04,High,2,Salaried,1.0,Single,Approved
AID0378,59.0,637.97,171.18,Medium,3,Self-employed,,Single,Approved
AID0281,28.0,416.83,152.57,Medium,3,Salaried,1.0,Single,Approved
AID0292,55.0,4994.0,970.05,Medium,5,Salaried,1.0,Married,Approved
AID0282,25.0,479.19,159.41,Medium,10,Salaried,0.0,Married,Rejected
AID0334,61.0,568.62,220.74,Medium,1,Self-employed,0.0,Married,Rejected
AID0288,42.0,990.77,115.25,High,2,Unemployed,0.0,Married,Rejected
AID0251,55.0,628.18,,Medium,5,Self-employed,2.0,Married,Rejected
AID0465,32.0,505.72,,Medium,10,Salaried,1.0,Single,Approved
AID0437,29.0,479.84,166.7,High,5,Self-employed,0.0,Married,Approved
AID0125,67.0,637.77,,Low,2,Self-employed,0.0,Single,Approved
AID0491,33.0,822.01,174.48,Medium,7,Self-employed,0.0,Single,Approved
AID0056,64.0,373.92,211.28,High,5,Salaried,0.0,Married,Approved
AID0375,60.0,343.94,174.34,Low,3,Salaried,2.0,Divorced,Approved
AID0339,23.0,301.76,200.8,High,3,Salaried,3.0,Single,Approved
AID0031,59.0,643.62,337.26,Low,7,Unemployed,4.0,Married,Rejected
AID0074,41.0,368.98,275.85,Medium,7,Self-employed,0.0,Married,Rejected
AID0333,44.0,813.46,197.59,Medium,1,Salaried,3.0,Single,Rejected
AID0069,63.0,261.15,272.12,Medium,2,Salaried,0.0,Single,Approved
AID0010,28.0,710.88,,High,1,Salaried,0.0,Single,Approved
AID0080,57.0,725.93,362.27,Medium,3,Unemployed,3.0,Married,Rejected
AID0102,41.0,455.7,300.95,Medium,3,Self-employed,0.0,Single,Rejected
AID0105,25.0,512.73,102.62,High,1,Self-employed,3.0,Married,Rejected
AID0278,41.0,433.68,307.86,Medium,2,Self-employed,0.0,Single,Rejected
AID0133,31.0,434.13,306.02,Low,3,Salaried,1.0,Married,Rejected
AID0439,38.0,837.13,278.44,Low,2,Unemployed,0.0,Single,Approved
AID0326,,374.1,240.69,Medium,10,Salaried,0.0,Single,Approved
AID0073,53.0,365.51,174.44,Low,5,Salaried,1.0,Single,Approved
AID0229,39.0,771.33,202.09,Medium,5,Salaried,1.0,Married,Approved
AID0358,,776.58,170.36,High,3,Salaried,1.0,Married,Approved
AID0078,51.0,174.14,83.04,Medium,5,Self-employed,0.0,Single,Approved
AID0492,19.0,170.84,198.53,Medium,3,Self-employed,0.0,Married,Approved
AID0091,46.0,560.62,451.36,Low,7,Salaried,0.0,Married,Approved
AID0433,54.0,923.15,145.8,Low,10,Self-employed,1.0,Married,Rejected
AID0085,84.0,769.94,175.76,Low,2,Self-employed,1.0,Married,Approved
AID0219,23.0,520.7,77.08,Low,10,Self-employed,0.0,Divorced,Approved
AID0211,49.0,756.91,265.06,Low,3,Self-employed,0.0,Married,Approved
AID0125,67.0,637.77,,Low,2,Self-employed,0.0,Single,Approved
AID0181,64.0,455.0,118.21,High,3,Self-employed,1.0,Single,Approved
AID0463,67.0,776.89,261.85,Medium,3,Salaried,0.0,Married,Rejected
AID0350,49.0,375.06,132.16,High,10,Salaried,,Single,Rejected
AID0337,46.0,450.35,190.16,Medium,5,Self-employed,1.0,Married,Approved
AID0235,33.0,703.78,341.94,High,7,Salaried,1.0,Single,Approved
AID0319,45.0,720.33,223.32,High,2,Self-employed,3.0,Married,Approved
AID0381,42.0,256.85,100.69,Medium,1,Self-employed,0.0,Married,Approved
AID0071,51.0,356.34,170.86,Medium,5,Salaried,1.0,Married,Approved
AID0399,49.0,559.29,131.29,Medium,2,Salaried,,Divorced,Rejected
AID0149,59.0,341.14,108.63,High,5,Salaried,0.0,Married,Approved
AID0085,84.0,769.94,175.76,Low,2,Self-employed,1.0,Married,Approved
AID0064,23.0,492.3,168.13,Low,3,Salaried,1.0,Divorced,Rejected
AID0362,49.0,255.01,197.79,Low,10,Self-employed,0.0,Single,Approved
AID0090,78.0,793.08,255.82,Medium,7,Self-employed,1.0,Married,Approved
AID0246,24.0,645.91,72.18,High,3,Salaried,0.0,Single,Rejected
AID0178,56.0,790.99,326.48,Low,10,Self-employed,3.0,Married,Rejected
AID0034,52.0,363.95,3.59,High,5,Unemployed,,Married,Approved
AID0077,25.0,955.33,288.74,High,3,Salaried,1.0,Married,Approved
AID0083,72.0,325.83,285.09,Low,2,Salaried,1.0,Single,Rejected
AID0001,56.0,637.37,87.5,High,2,Salaried,0.0,Married,Approved
AID0012,51.0,816.61,209.21,Low,3,Salaried,0.0,Married,Approved
AID0248,50.0,699.17,274.54,Medium,3,Salaried,3.0,Single,Approved
AID0023,39.0,951.44,326.72,Medium,1,Self-employed,0.0,Divorced,Rejected
AID0254,28.0,388.96,,Low,2,Self-employed,0.0,Single,Approved
AID0427,57.0,574.39,191.52,Low,2,Salaried,3.0,Married,Rejected
AID0226,22.0,469.19,157.56,Medium,2,Salaried,0.0,Married,Rejected
AID0317,75.0,581.88,175.43,High,3,Salaried,2.0,Married,Approved
AID0159,73.0,7693.5,469.45,High,2,Salaried,1.0,Married,Approved
AID0453,29.0,402.06,,Medium,2,Self-employed,2.0,Married,Approved
AID0019,41.0,418.75,256.58,High,5,Self-employed,0.0,Married,Approved
AID0183,68.0,546.1,239.47,High,2,Self-employed,0.0,Married,Approved
AID0336,47.0,377.0,298.22,Medium,2,Salaried,1.0,Single,Rejected
AID0016,20.0,414.94,71.56,High,3,Salaried,0.0,Married,Rejected
AID0387,37.0,370.01,133.72,High,3,Self-employed,2.0,Married,Approved
AID0040,58.0,312.7,207.34,Medium,1,Salaried,1.0,Married,Approved
AID0486,22.0,35.06,211.68,High,7,Salaried,1.0,Married,Approved
AID0047,26.0,583.77,264.42,Low,2,Salaried,0.0,Married,Rejected
AID0094,38.0,299.88,213.68,Medium,3,Self-employed,0.0,Married,Rejected
AID0168,23.0,370.76,42.07,Low,5,Self-employed,1.0,Married,Approved
AID0210,54.0,508.95,221.87,Medium,5,Salaried,2.0,Single,Approved
AID0371,44.0,130.65,159.08,Medium,2,Self-employed,0.0,Single,Rejected
AID0378,59.0,637.97,171.18,Medium,3,Self-employed,,Single,Approved
AID0290,42.0,158.25,26.09,Low,1,Salaried,1.0,Single,Rejected
AID0469,,418.11,243.61,Medium,5,Self-employed,0.0,Divorced,Approved
AID0413,71.0,736.68,287.99,Medium,2,Self-employed,0.0,Divorced,Approved
AID0303,31.0,601.35,274.82,Low,3,Salaried,,Married,Approved
AID0432,53.0,761.6,99.98,Medium,3,Self-employed,1.0,Divorced,Rejected
AID0154,56.0,455.52,48.63,High,5,Salaried,1.0,Single,Rejected
AID0221,41.0,109.5,204.8,High,3,Salaried,0.0,Married,Rejected
AID0070,61.0,5554.400000000001,944.4499999999999,High,3,Self-employed,1.0,Single,Rejected
AID0363,74.0,517.79,389.09,Medium,7,Self-employed,1.0,Married,Approved
AID0484,69.0,755.13,314.24,Medium,10,Salaried,1.0,Married,Rejected
AID0174,47.0,456.86,220.13,High,2,Unemployed,0.0,Married,Rejected
AID0353,30.0,360.92,131.09,Medium,2,Salaried,0.0,Married,Rejected
AID0232,50.0,759.48,16.48,Low,2,Self-employed,0.0,Married,Approved
AID0212,50.0,637.81,145.09,Low,7,Salaried,,Married,Approved
AID0193,71.0,556.71,188.52,Medium,7,Salaried,0.0,Single,Approved
AID0447,33.0,614.24,,High,2,Self-employed,0.0,Divorced,Approved
AID0325,50.0,563.56,247.06,Low,2,Salaried,1.0,Single,Approved
AID0223,34.0,571.51,155.94,Low,5,Salaried,0.0,Single,Rejected
AID0155,72.0,559.46,156.2,High,5,Salaried,0.0,Married,Rejected
AID0423,57.0,542.11,266.16,Medium,3,Self-employed,0.0,Single,Approved
AID0177,52.0,416.26,69.48,High,5,Salaried,2.0,Married,Approved
AID0361,41.0,477.4,266.53,High,3,Salaried,0.0,Married,Approved
AID0416,31.0,518.32,294.96,Low,3,Salaried,1.0,Single,Approved
AID0205,54.0,438.44,13.15,Medium,3,Salaried,0.0,Single,Rejected
AID0341,58.0,455.76,138.47,Medium,3,Salaried,0.0,Married,Approved
AID0279,50.0,623.63,141.36,Medium,5,Salaried,0.0,Single,Rejected
AID0456,,348.08,160.5,Medium,2,Salaried,1.0,Married,Approved
AID0365,40.0,391.48,218.4,Medium,5,Self-employed,3.0,Married,Approved
AID0087,63.0,410.39,104.92,High,5,Salaried,0.0,Single,Approved
AID0031,59.0,643.62,337.26,Low,7,Unemployed,4.0,Married,Rejected
AID0196,49.0,290.23,149.69,Low,3,Self-employed,1.0,Single,Approved
AID0407,42.0,687.97,243.13,Low,5,Salaried,0.0,Married,Approved
AID0020,61.0,552.11,277.62,Low,10,Self-employed,0.0,Married,Approved
AID0349,38.0,603.73,202.38,High,2,Salaried,1.0,Married,Approved
AID0057,52.0,316.95,240.48,Medium,2,Self-employed,0.0,Single,Approved
AID0372,57.0,386.67,139.17,Medium,3,Salaried,4.0,Single,Approved
AID0348,60.0,635.35,142.6,Medium,5,Salaried,0.0,Single,Approved
AID0479,73.0,402.09,87.98,Medium,3,Self-employed,0.0,Married,Approved
AID0249,57.0,551.23,136.04,Low,1,Salaried,1.0,Single,Approved
AID0026,29.0,536.45,163.92,High,3,Salaried,0.0,Married,Approved
AID0452,40.0,739.69,86.32,High,2,Salaried,0.0,Married,Approved
AID0043,35.0,379.47,168.45,Medium,5,Self-employed,0.0,Single,Approved
AID0474,47.0,587.86,,High,3,Self-employed,0.0,Single,Approved
AID0262,24.0,440.05,181.54,Low,5,Self-employed,0.0,Single,Approved
AID0173,57.0,1052.15,213.53,Low,5,Salaried,1.0,Married,Approved
AID0291,66.0,533.93,,Medium,7,Unemployed,1.0,Married,Approved
AID0127,44.0,773.47,188.49,Low,2,Salaried,,Single,Approved
AID0343,41.0,737.28,113.87,Low,10,Self-employed,1.0,Single,Approved
AID0032,65.0,813.52,261.75,Medium,7,Salaried,,Married,Rejected
AID0114,44.0,123.86,261.57,High,3,Salaried,1.0,Divorced,Rejected
AID0230,28.0,-42.5,2.52,Medium,3,Unemployed,0.0,Single,Rejected
AID0228,23.0,428.11,351.44,High,5,Self-employed,3.0,Divorced,Approved
AID0430,46.0,604.42,200.47,High,5,Salaried,1.0,Single,Approved
AID0058,31.0,549.22,279.23,Medium,7,Self-employed,1.0,Single,Approved
AID0382,51.0,530.85,248.44,Medium,5,Salaried,0.0,Divorced,Rejected
AID0025,50.0,1134.89,174.27,High,1,Unemployed,0.0,Married,Approved
AID0018,19.0,868.19,27.69,Medium,3,Unemployed,4.0,Single,Approved
AID0266,28.0,627.33,222.27,Low,2,Salaried,1.0,Married,Rejected
AID0067,56.0,461.82,224.19,Low,2,Salaried,0.0,Single,Approved
AID0315,47.0,608.93,235.42,Low,7,Salaried,1.0,Single,Rejected
AID0468,43.0,1089.24,381.67,High,2,Unemployed,1.0,Married,Approved
AID0095,42.0,985.97,6.68,Medium,2,Self-employed,2.0,Married,Rejected
AID0457,39.0,417.54,15.67,High,5,Salaried,0.0,Divorced,Approved
AID0355,,904.08,276.98,Low,5,Self-employed,4.0,Married,Approved
AID0024,,313.27,384.62,Medium,1,Self-employed,1.0,Single,Approved
AID0250,56.0,496.02,228.12,High,5,Self-employed,2.0,Divorced,Approved
AID0273,52.0,548.7,143.27,Low,2,Self-employed,3.0,Married,Approved
AID0074,41.0,368.98,275.85,Medium,7,Self-employed,0.0,Married,Rejected
AID0006,48.0,323.83,147.38,Medium,2,Unemployed,2.0,Divorced,Approved
AID0117,29.0,672.39,142.65,High,5,Salaried,1.0,Married,Approved
AID0046,31.0,400.92,238.71,Low,1,Self-employed,0.0,Married,Approved
AID0500,50.0,807.52,161.25,Low,2,Self-employed,0.0,Single,Approved
AID0395,52.0,588.93,122.1,Low,1,Unemployed,0.0,Single,Approved
AID0017,59.0,489.65,240.31,Medium,5,Salaried,1.0,Single,Approved
AID0490,61.0,472.1,186.05,Medium,3,Salaried,1.0,Divorced,Approved
AID0376,66.0,628.04,199.79,High,2,Salaried,0.0,Single,Approved
AID0004,60.0,786.5,,Medium,1,Salaried,0.0,Married,Approved
AID0489,33.0,321.23,258.28,High,5,Self-employed,1.0,Single,Rejected
AID0449,22.0,387.4,175.49,High,3,Self-employed,,Married,Approved
AID0061,67.0,486.9,227.39,High,2,Salaried,0.0,Single,Approved
AID0111,56.0,1014.27,363.93,Low,3,Salaried,4.0,Divorced,Rejected
AID0335,45.0,343.58,263.44,High,3,Salaried,0.0,Single,Approved
AID0275,33.0,480.58,243.88,High,3,Salaried,0.0,Single,Approved
AID0030,54.0,899.86,157.06,Medium,10,Salaried,0.0,Married,Approved
AID0366,19.0,675.42,,Low,7,Self-employed,0.0,Divorced,Approved
AID0186,23.0,526.59,151.85,Medium,1,Salaried,0.0,Married,Approved
AID0027,39.0,-14.59,211.93,Low,5,Unemployed,2.0,Single,Approved
AID0008,36.0,602.52,152.8,Low,5,Self-employed,1.0,Single,Approved
AID0182,30.0,741.52,366.4,Medium,10,Salaried,0.0,Married,Approved
AID0478,22.0,43.04,95.93,High,3,Salaried,0.0,Single,Rejected
AID0109,22.0,345.9,231.23,High,3,Salaried,1.0,Single,Approved
AID0038,54.0,542.53,223.44,High,2,Salaried,0.0,Married,Approved
AID0158,,607.91,,Low,10,Salaried,4.0,Single,Approved
AID0494,49.0,676.95,144.59,High,3,Salaried,,Single,Approved
AID0119,50.0,502.6,115.31,High,1,Salaried,1.0,Married,Approved
AID0115,46.0,528.64,133.69,Medium,3,Salaried,1.0,Married,Approved
AID0272,78.0,510.06,60.72,Low,5,Salaried,1.0,Single,Approved
AID0176,45.0,728.61,95.2,High,7,Salaried,2.0,Single,Rejected
AID0209,40.0,326.28,148.11,Medium,7,Self-employed,0.0,Single,Rejected
AID0204,54.0,484.85,54.25,High,5,Self-employed,0.0,Single,Approved
AID0145,59.0,487.14,282.31,Low,7,Salaried,1.0,Married,Approved
AID0195,32.0,574.92,,Medium,1,Self-employed,1.0,Married,Approved
AID0389,25.0,467.67,338.39,Medium,2,Self-employed,0.0,Divorced,Approved
AID0401,59.0,476.2,280.16,Low,3,Salaried,2.0,Single,Approved
AID0424,33.0,676.06,263.82,Low,3,Self-employed,2.0,Single,Approved
AID0498,29.0,174.76,180.86,Low,5,Self-employed,0.0,Single,Approved
AID0403,39.0,3126.0,522.75,High,1,Unemployed,2.0,Single,Approved
AID0470,38.0,515.32,124.53,Low,5,Unemployed,0.0,Single,Approved
AID0142,52.0,304.8,115.34,Medium,5,Self-employed,0.0,Married,Rejected
AID0385,53.0,425.96,188.24,Low,7,Self-employed,,Single,Approved
AID0068,45.0,562.59,137.17,High,1,Salaried,1.0,Single,Rejected
AID0156,52.0,624.56,124.98,High,1,Salaried,2.0,Divorced,Rejected
AID0169,45.0,682.28,283.41,Medium,7,Self-employed,1.0,Single,Approved
AID0189,36.0,490.04,112.38,Medium,3,Salaried,0.0,Single,Approved
AID0462,64.0,445.05,95.09,Low,3,Self-employed,0.0,Single,Approved
AID0396,55.0,300.93,58.19,High,3,Self-employed,0.0,Married,Approved
AID0238,37.0,759.64,163.99,Low,2,Salaried,0.0,Married,Approved
AID0194,41.0,443.88,,Low,3,Salaried,0.0,Married,Rejected
AID0082,33.0,317.89,27.44,Medium,3,Unemployed,2.0,Divorced,Approved
AID0110,59.0,375.19,111.2,High,7,Salaried,0.0,Married,Rejected
AID0461,22.0,726.25,148.93,High,3,Salaried,1.0,Married,Rejected
AID0146,50.0,231.46,245.58,High,2,Salaried,1.0,Single,Approved
AID0093,62.0,708.0,69.55,Medium,2,Salaried,2.0,Married,Rejected
AID0153,60.0,291.1,397.44,Medium,5,Salaried,0.0,Married,Approved
AID0245,49.0,-29.45,272.99,Low,10,Unemployed,,Single,Rejected
AID0415,,704.63,,Medium,2,Salaried,0.0,Divorced,Approved
AID0395,52.0,588.93,122.1,Low,1,Unemployed,0.0,Single,Approved
AID0084,35.0,177.61,379.69,Low,3,Self-employed,1.0,Married,Approved
AID0104,44.0,684.33,230.4,Medium,10,Salaried,,Married,Approved
AID0166,59.0,562.84,273.83,High,1,Self-employed,0.0,Single,Approved
AID0164,55.0,-15.64,144.73,Low,3,Salaried,1.0,Married,Approved
AID0200,49.0,143.89,230.24,High,3,Salaried,0.0,Married,Rejected
AID0256,42.0,613.57,224.14,High,3,Self-employed,3.0,Married,Rejected
AID0075,58.0,589.08,278.37,Low,3,Self-employed,1.0,Married,Approved
AID0324,67.0,309.93,212.22,High,10,Self-employed,1.0,Married,Approved
AID0239,73.0,788.83,,Low,10,Salaried,1.0,Single,Approved
AID0497,41.0,325.21,292.82,Low,10,Self-employed,0.0,Single,Approved
AID0120,50.0,512.31,205.05,High,3,Salaried,0.0,Single,Approved
AID0305,37.0,318.79,104.44,Low,10,Salaried,1.0,Divorced,Approved
AID0313,39.0,530.27,258.59,Low,7,Salaried,0.0,Single,Rejected
AID0267,49.0,450.99,193.67,Medium,3,Self-employed,0.0,Single,Approved
AID0407,42.0,687.97,243.13,Low,5,Salaried,0.0,Married,Approved
AID0422,52.0,445.19,218.91,High,2,Salaried,0.0,Married,Approved
AID0493,45.0,862.34,270.91,Medium,1,Salaried,0.0,Single,Approved
AID0306,25.0,694.97,241.03,Medium,5,Self-employed,0.0,Single,Rejected
AID0393,29.0,202.65,104.31,High,3,Self-employed,1.0,Married,Approved
AID0438,,799.71,105.54,High,5,Salaried,0.0,Single,Approved
AID0404,39.0,823.76,181.37,Low,2,Self-employed,1.0,Single,Rejected
AID0285,57.0,519.31,270.17,Medium,3,Self-employed,1.0,Single,Rejected
AID0287,62.0,626.29,337.16,Low,2,Salaried,2.0,Married,Approved
AID0037,30.0,652.38,30.28,Medium,5,Salaried,0.0,Married,Approved
AID0197,49.0,76.13,134.0,High,3,Salaried,1.0,Single,Approved
AID0140,54.0,594.48,320.77,High,3,Self-employed,1.0,Single,Approved
AID0384,24.0,262.67,218.73,Medium,3,Salaried,1.0,Married,Approved
AID0263,33.0,590.91,95.02,High,10,Self-employed,0.0,Single,Rejected
AID0298,68.0,725.14,169.28,Low,3,Self-employed,0.0,Married,Approved
AID0299,63.0,201.23,339.94,High,7,Self-employed,0.0,Divorced,Approved
AID0060,53.0,450.53,275.48,Medium,2,Salaried,1.0,Divorced,Approved
AID0112,58.0,529.8,222.25,High,10,Salaried,0.0,Married,Rejected
AID0276,30.0,510.86,126.21,Low,3,Salaried,1.0,Single,Approved
AID0269,54.0,370.29,,Low,7,Salaried,1.0,Single,Rejected
AID0412,81.0,482.06,265.35,Medium,7,Unemployed,0.0,Single,Approved
AID0151,47.0,623.48,240.22,Medium,7,Self-employed,0.0,Married,Approved
AID0357,68.0,158.98,137.52,High,3,Salaried,1.0,Single,Rejected
AID0039,44.0,673.57,114.75,Medium,5,Salaried,2.0,Married,Rejected
AID0330,36.0,611.21,177.94,Medium,3,Salaried,0.0,Married,Rejected
AID0199,,290.82,208.84,High,3,Salaried,3.0,Married,Rejected
AID0451,46.0,237.76,287.22,High,1,Salaried,0.0,Married,Approved
AID0147,,840.29,154.58,Medium,3,Salaried,0.0,Single,Rejected
AID0375,60.0,343.94,174.34,Low,3,Salaried,2.0,Divorced,Approved
AID0148,56.0,517.54,234.58,High,3,Self-employed,1.0,Married,Approved
AID0322,51.0,405.17,169.62,High,7,Self-employed,0.0,Married,Approved
AID0300,70.0,356.79,263.52,Medium,5,Salaried,0.0,Single,Rejected
AID0124,71.0,356.8,128.36,Low,2,Salaried,,Single,Approved
AID0454,53.0,11188.099999999999,673.0500000000001,Medium,5,Self-employed,1.0,Single,Approved
AID0097,26.0,387.25,329.95,Medium,5,Salaried,0.0,Married,Rejected
AID0144,43.0,566.73,236.6,Low,1,Self-employed,0.0,Single,Approved
AID0240,56.0,119.1,278.49,Medium,3,Salaried,2.0,Married,Approved
AID0332,52.0,627.78,278.09,High,1,Self-employed,1.0,Married,Approved
AID0098,41.0,-213.64,226.01,Medium,5,Salaried,3.0,Single,Approved
AID0417,,222.93,121.03,High,10,Salaried,4.0,Married,Approved
AID0369,19.0,403.14,26.75,Medium,2,Self-employed,1.0,Single,Approved
AID0123,72.0,546.19,153.5,Medium,5,Salaried,0.0,Divorced,Approved
AID0184,30.0,586.46,277.23,Low,5,Self-employed,0.0,Divorced,Approved
AID0203,,340.61,75.52,High,2,Salaried,1.0,Married,Approved
AID0247,78.0,456.38,158.7,Low,5,Unemployed,1.0,Married,Approved
AID0321,44.0,372.43,,High,3,Salaried,0.0,Single,Rejected
AID0312,49.0,706.09,163.34,Medium,3,Salaried,1.0,Divorced,Approved
AID0370,63.0,429.08,277.94,Low,2,Self-employed,0.0,Married,Rejected
AID0495,64.0,553.64,194.68,Medium,10,Salaried,,Married,Approved
AID0418,72.0,278.54,318.94,Medium,3,Unemployed,0.0,Single,Approved
AID0297,33.0,473.39,309.56,High,10,Self-employed,1.0,Single,Approved
AID0126,49.0,593.36,242.27,High,7,Salaried,0.0,Married,Approved
AID0317,75.0,581.88,175.43,High,3,Salaried,2.0,Married,Approved
AID0224,55.0,382.55,265.06,High,3,Salaried,3.0,Divorced,Rejected
AID0441,61.0,846.44,343.37,Medium,3,Unemployed,0.0,Single,Rejected
AID0220,49.0,393.12,104.75,Low,5,Salaried,1.0,Divorced,Rejected
AID0130,52.0,649.6,17.85,Medium,5,Salaried,1.0,Married,Rejected
AID0443,42.0,9737.1,912.0999999999999,High,2,Salaried,3.0,Single,Approved
AID0302,70.0,493.81,104.51,Medium,2,Salaried,1.0,Single,Approved
AID0406,43.0,648.42,219.76,Medium,5,Salaried,,Married,Approved
AID0398,19.0,156.44,268.17,High,2,Salaried,0.0,Single,Approved
AID0429,,529.25,114.3,High,2,Self-employed,0.0,Married,Approved
AID0374,,314.13,241.0,High,5,Salaried,0.0,Married,Approved
AID0308,20.0,520.43,139.02,Low,5,Salaried,2.0,Married,Approved
AID0295,19.0,775.65,154.62,Low,3,Salaried,1.0,Married,Approved
AID0458,46.0,217.61,229.57,Low,5,Salaried,0.0,Single,Approved
AID0357,68.0,158.98,137.52,High,3,Salaried,1.0,Single,Rejected
AID0113,45.0,662.51,204.62,Medium,10,Unemployed,0.0,Married,Approved
AID0180,28.0,476.32,102.22,Low,5,Self-employed,0.0,Married,Approved
AID0323,58.0,407.1,192.99,Low,1,Salaried,1.0,Single,Approved
AID0356,59.0,352.03,195.77,Medium,3,Self-employed,0.0,Married,Approved
AID0347,52.0,654.09,189.92,High,7,Salaried,1.0,Married,Approved
AID0451,46.0,237.76,287.22,High,1,Salaried,0.0,Married,Approved
AID0394,40.0,563.29,196.82,Medium,3,Unemployed,1.0,Single,Rejected
AID0234,33.0,97.62,286.69,Low,5,Self-employed,3.0,Married,Rejected
AID0472,53.0,191.29,89.86,Medium,1,Salaried,0.0,Married,Approved
AID0477,27.0,365.5,153.33,Low,3,Salaried,0.0,Married,Rejected
AID0165,19.0,387.73,333.78,Medium,3,Salaried,3.0,Single,Approved
AID0318,62.0,627.59,282.09,High,7,Self-employed,0.0,Single,Rejected
AID0137,43.0,374.54,259.18,Medium,3,Unemployed,1.0,Single,Approved
AID0198,61.0,429.83,212.92,Low,2,Salaried,0.0,Single,Rejected
AID0259,47.0,557.39,170.09,Medium,3,Self-employed,1.0,Married,Approved
AID0233,46.0,680.45,318.09,Medium,5,Self-employed,,Divorced,Rejected
AID0116,45.0,695.66,213.08,Low,10,Salaried,1.0,Single,Rejected
AID0121,41.0,161.35,226.35,Medium,10,Self-employed,0.0,Married,Approved
AID0419,49.0,683.86,331.12,Medium,2,Salaried,0.0,Single,Rejected
AID0225,41.0,461.44,235.92,High,10,Salaried,0.0,Married,Approved
AID0425,30.0,795.17,290.11,Medium,5,Self-employed,0.0,Married,Rejected
AID0354,35.0,491.69,129.56,Medium,3,Salaried,2.0,Single,Rejected
AID0128,72.0,6916.5,1318.5,Medium,2,Salaried,3.0,Married,Approved
AID0389,25.0,467.67,338.39,Medium,2,Self-employed,0.0,Divorced,Approved
AID0286,37.0,200.03,253.89,High,10,Self-employed,1.0,Single,Approved
AID0434,53.0,458.95,253.74,Low,5,Salaried,1.0,Married,Rejected
AID0108,50.0,65.14,192.38,High,2,Unemployed,1.0,Married,Approved
AID0442,69.0,715.02,206.49,Low,2,Self-employed,2.0,Married,Approved
AID0342,54.0,537.94,18.25,Low,7,Self-employed,0.0,Married,Approved
AID0134,,480.63,233.76,High,5,Self-employed,0.0,Divorced,Rejected
AID0383,30.0,468.27,96.52,Low,5,Salaried,0.0,Married,Rejected
AID0045,42.0,374.52,142.34,Medium,5,Salaried,0.0,Single,Rejected
AID0487,62.0,359.26,162.85,Medium,7,Salaried,1.0,Single,Approved
AID0066,21.0,516.53,159.39,Low,3,Salaried,3.0,Single,Approved
AID0284,65.0,738.84,234.03,Medium,2,Salaried,1.0,Married,Rejected
AID0086,51.0,434.08,197.22,Medium,10,Self-employed,,Single,Approved
AID0243,,746.03,142.23,Low,5,Self-employed,0.0,Married,Approved
AID0187,35.0,603.97,250.5,Medium,3,Salaried,0.0,Married,Approved
AID0405,79.0,743.03,306.14,High,3,Self-employed,1.0,Single,Rejected
AID0160,50.0,525.36,260.22,Low,5,Self-employed,1.0,Single,Rejected
AID0013,73.0,694.02,140.64,High,5,Salaried,0.0,Married,Approved
AID0036,81.0,378.99,240.27,Medium,3,Salaried,4.0,Married,Approved
AID0029,42.0,766.09,150.09,High,1,Salaried,0.0,Single,Rejected
AID0171,61.0,642.32,68.07,Low,3,Salaried,0.0,Single,Approved
AID0143,32.0,496.02,255.42,Low,5,Self-employed,1.0,Single,Rejected
AID0421,64.0,520.35,218.47,Medium,3,Salaried,0.0,Single,Approved
AID0368,59.0,615.56,137.68,High,3,Unemployed,1.0,Single,Approved
AID0222,,444.1,71.13,Medium,1,Salaried,0.0,Married,Rejected
AID0096,44.0,889.95,157.35,Low,2,Self-employed,0.0,Married,Approved
AID0052,84.0,228.26,213.34,High,2,Salaried,0.0,Married,Approved
AID0241,63.0,535.08,,High,10,Salaried,0.0,Single,Approved
AID0397,51.0,678.15,264.28,Medium,5,Self-employed,1.0,Married,Approved
AID0352,70.0,695.38,219.66,Medium,5,Salaried,,Married,Approved
AID0400,40.0,491.83,,Medium,1,Salaried,,Single,Approved
AID0179,,574.32,85.03,High,1,Salaried,0.0,Single,Rejected
AID0042,66.0,540.92,209.65,High,3,Salaried,0.0,Married,Approved
AID0496,37.0,357.28,219.62,High,7,Self-employed,1.0,Divorced,Rejected
AID0409,54.0,435.33,131.56,Low,5,Salaried,2.0,Married,Rejected
AID0207,19.0,632.75,139.74,Medium,5,Salaried,,Divorced,Rejected
AID0283,53.0,603.05,276.04,Medium,3,Salaried,2.0,Married,Approved
AID0359,57.0,727.32,119.15,Low,7,Self-employed,1.0,Single,Rejected
AID0255,45.0,178.92,167.03,Low,1,Self-employed,1.0,Married,Rejected
AID0435,40.0,931.18,231.51,High,2,Salaried,0.0,Married,Rejected
AID0005,45.0,742.94,46.51,Medium,10,Salaried,1.0,Single,Rejected
AID0257,50.0,338.79,252.6,Medium,3,Self-employed,0.0,Married,Approved
AID0473,50.0,763.39,257.44,Low,3,Self-employed,0.0,Single,Approved
AID0101,25.0,386.46,178.35,Medium,3,Salaried,1.0,Single,Approved
AID0227,71.0,771.37,335.18,Medium,3,Salaried,0.0,Divorced,Approved
AID0450,49.0,483.63,205.25,Low,1,Unemployed,0.0,Married,Approved
AID0214,56.0,773.6,,Low,2,Salaried,4.0,Divorced,Approved
AID0445,62.0,429.31,180.46,Low,7,Salaried,0.0,Single,Approved
AID0172,61.0,233.45,283.66,Medium,1,Self-employed,1.0,Married,Approved
AID0099,18.0,428.69,214.35,High,3,Unemployed,1.0,Married,Approved
AID0293,73.0,482.58,233.46,Low,3,Unemployed,0.0,Single,Approved
AID0216,61.0,705.73,201.99,Medium,2,Self-employed,0.0,Single,Approved
AID0062,21.0,661.48,111.07,High,2,Self-employed,0.0,Single,Approved
AID0048,43.0,422.14,102.48,High,7,Salaried,0.0,Single,Rejected
AID0033,33.0,264.44,161.52,Medium,7,Salaried,2.0,Divorced,Rejected
AID0268,22.0,323.37,81.58,High,3,Salaried,2.0,Married,Rejected
AID0328,70.0,468.27,192.22,Medium,3,Salaried,0.0,Single,Approved
AID0201,66.0,653.6,145.92,High,3,Salaried,0.0,Married,Approved
AID0471,66.0,813.74,224.3,Medium,7,Self-employed,0.0,Single,Approved
AID0028,61.0,422.89,161.79,Low,1,Unemployed,0.0,Single,Approved
AID0411,25.0,205.5,227.11,Medium,7,Salaried,0.0,Divorced,Approved
AID0231,33.0,769.57,270.92,High,5,Salaried,0.0,Divorced,Rejected
AID0261,52.0,127.73,203.92,Low,10,Self-employed,0.0,Married,Rejected
AID0379,,2673.6000000000004,1120.95,Low,1,Self-employed,0.0,Divorced,Approved
AID0289,52.0,521.73,230.43,High,1,Salaried,2.0,Married,Rejected
AID0163,59.0,486.2,165.21,Medium,5,Unemployed,0.0,Divorced,Approved
AID0392,31.0,621.23,145.41,Medium,3,Unemployed,0.0,Married,Approved
AID0448,76.0,575.05,172.89,Low,7,Salaried,0.0,Married,Approved
AID0139,56.0,426.61,225.34,Low,7,Salaried,1.0,Married,Approved
AID0063,39.0,668.11,264.2,Low,1,Salaried,0.0,Married,Approved
AID0136,,703.14,238.2,High,2,Self-employed,1.0,Married,Approved
AID0129,28.0,545.45,238.16,High,2,Unemployed,3.0,Divorced,Approved
AID0105,25.0,512.73,102.62,High,1,Self-employed,3.0,Married,Rejected
AID0009,40.0,497.45,186.92,Low,10,Self-employed,1.0,Single,Approved
AID0327,,538.97,5.46,High,10,Salaried,0.0,Single,Rejected
AID0491,33.0,822.01,174.48,Medium,7,Self-employed,0.0,Single,Approved
AID0065,59.0,411.3,179.04,Medium,7,Salaried,1.0,Married,Approved
AID0301,21.0,379.07,236.6,High,3,Salaried,0.0,Single,Approved
AID0015,,429.58,312.36,High,7,Salaried,0.0,Single,Approved
AID0157,80.0,690.04,143.97,Low,3,Salaried,,Single,Rejected
AID0041,26.0,324.89,205.11,Low,3,Self-employed,1.0,Single,Approved
AID0380,62.0,1012.81,67.26,Medium,7,Self-employed,0.0,Married,Approved
AID0485,18.0,546.13,,Medium,2,Self-employed,,Single,Approved
AID0426,79.0,804.74,262.72,Low,1,Salaried,0.0,Married,Approved
AID0217,43.0,5289.9,727.2,Low,7,Self-employed,0.0,Married,Approved
AID0410,50.0,509.52,150.33,High,5,Salaried,2.0,Single,Approved
AID0280,41.0,399.26,140.54,Medium,3,Salaried,0.0,Single,Rejected
AID0372,57.0,386.67,139.17,Medium,3,Salaried,4.0,Single,Approved
AID0455,33.0,464.88,244.26,High,2,Salaried,3.0,Married,Approved
AID0338,83.0,381.02,207.53,Medium,10,Salaried,0.0,Single,Rejected
AID0237,40.0,-5.87,171.09,Medium,3,Salaried,2.0,Married,Rejected
AID0208,65.0,702.03,263.15,Medium,3,Self-employed,0.0,Married,Approved
AID0213,18.0,667.54,223.84,Low,5,Salaried,1.0,Single,Approved
AID0296,52.0,636.72,168.85,Low,10,Salaried,0.0,Single,Rejected
AID0482,47.0,777.66,191.77,Medium,10,Unemployed,0.0,Single,Approved
AID0252,77.0,465.62,-71.07,Low,10,Self-employed,0.0,Married,Approved
AID0496,37.0,357.28,219.62,High,7,Self-employed,1.0,Divorced,Rejected
AID0483,56.0,831.99,272.74,Medium,5,Self-employed,0.0,Married,Approved
AID0304,58.0,459.86,160.5,Medium,5,Unemployed,4.0,Single,Approved
AID0351,40.0,650.38,213.92,High,2,Unemployed,0.0,Married,Rejected
AID0270,49.0,660.37,309.94,Medium,3,Salaried,1.0,Single,Approved
AID0202,39.0,820.25,241.82,Medium,5,Salaried,1.0,Divorced,Approved
AID0162,34.0,499.33,213.09,Low,1,Salaried,0.0,Married,Approved
AID0044,41.0,760.37,165.82,Low,3,Self-employed,1.0,Single,Approved
AID0218,49.0,423.5,106.04,High,5,Salaried,0.0,Single,Approved
AID0402,62.0,264.42,216.4,Low,7,Salaried,1.0,Married,Approved
AID0191,70.0,559.55,91.42,Medium,2,Salaried,1.0,Married,Approved
AID0310,50.0,507.78,377.47,High,5,Salaried,0.0,Married,Rejected
AID0260,59.0,82.96,250.61,Medium,10,Salaried,1.0,Married,Approved
AID0106,72.0,690.3,161.44,High,10,Self-employed,2.0,Single,Approved
AID0054,61.0,361.92,222.32,Medium,2,Salaried,0.0,Married,Approved
AID0390,63.0,231.75,224.02,Medium,10,Self-employed,3.0,Divorced,Approved
AID0002,66.0,32.08,155.79,Low,3,Salaried,0.0,Married,Approved
AID0466,29.0,816.05,156.81,Medium,1,Salaried,1.0,Married,Approved
AID0010,28.0,710.88,,High,1,Salaried,0.0,Single,Approved
AID0050,37.0,280.13,215.73,High,2,Unemployed,0.0,Married,Approved
AID0420,47.0,610.5,410.01,Medium,5,Salaried,0.0,Married,Approved
AID0081,48.0,384.34,,Low,2,Salaried,2.0,Single,Approved
AID0206,19.0,368.22,160.06,Medium,3,Salaried,1.0,Single,Approved
AID0035,64.0,164.11,76.44,Low,2,Salaried,0.0,Married,Approved
AID0431,45.0,603.61,325.1,Medium,3,Salaried,0.0,Married,Approved
AID0264,53.0,648.81,74.99,High,5,Self-employed,0.0,Single,Approved
AID0428,56.0,465.61,297.76,High,3,Salaried,1.0,Married,Approved
AID0499,52.0,843.35,142.57,Medium,2,Unemployed,0.0,Single,Approved
AID0367,44.0,592.74,180.92,Medium,7,Salaried,0.0,Married,Rejected
AID0092,32.0,733.3,202.64,High,5,Self-employed,0.0,Married,Rejected
AID0340,52.0,530.88,156.59,Medium,3,Salaried,2.0,Divorced,Rejected
AID0362,49.0,255.01,197.79,Low,10,Self-employed,0.0,Single,Approved
AID0053,34.0,779.43,167.84,Low,3,Self-employed,1.0,Married,Approved
AID0346,48.0,420.22,215.07,Medium,1,Salaried,,Single,Approved
AID0265,19.0,181.74,93.5,Low,3,Self-employed,0.0,Single,Approved
AID0242,40.0,777.72,209.62,Medium,2,Unemployed,1.0,Married,Rejected
AID0014,77.0,644.15,95.63,Medium,5,Self-employed,3.0,Married,Approved
AID0316,55.0,903.38,296.47,High,2,Salaried,0.0,Married,Approved
AID0089,82.0,213.26,301.53,Medium,2,Salaried,3.0,Married,Approved
AID0388,28.0,687.44,272.75,Medium,1,Salaried,1.0,Married,Approved
AID0274,36.0,685.62,268.36,Medium,10,Salaried,0.0,Married,Approved
AID0167,72.0,415.16,50.54,Low,1,Unemployed,3.0,Married,Approved
AID0329,42.0,491.68,79.25,Low,3,Self-employed,1.0,Married,Approved
AID0409,54.0,435.33,131.56,Low,5,Salaried,2.0,Married,Rejected
AID0135,38.0,404.89,115.25,High,10,Salaried,1.0,Married,Rejected
AID0307,24.0,452.91,88.96,High,7,Self-employed,1.0,Single,Approved
AID0069,63.0,261.15,272.12,Medium,2,Salaried,0.0,Single,Approved
AID0320,44.0,512.72,141.55,Low,2,Salaried,1.0,Single,Approved
AID0244,37.0,667.21,410.34,High,7,Salaried,0.0,Single,Rejected
AID0055,45.0,623.24,249.44,High,5,Salaried,0.0,Married,Approved
AID0364,59.0,733.18,233.71,High,3,Salaried,,Single,Rejected
AID0051,45.0,607.55,214.7,Low,7,Salaried,4.0,Single,Rejected
AID0481,48.0,404.74,255.51,Medium,2,Salaried,0.0,Married,Rejected
AID0175,28.0,435.35,264.76,Medium,10,Salaried,1.0,Married,Approved
AID0446,18.0,94.67,208.87,Medium,2,Unemployed,0.0,Single,Approved
AID0190,64.0,276.18,258.64,Low,2,Unemployed,1.0,Married,Approved
AID0281,28.0,416.83,152.57,Medium,3,Salaried,1.0,Single,Approved
AID0464,73.0,651.49,270.58,Medium,3,Salaried,1.0,Single,Approved
AID0188,44.0,476.34,75.47,Low,5,Salaried,0.0,Married,Approved
AID0476,60.0,227.39,258.79,Medium,3,Self-employed,0.0,Single,Rejected
AID0170,45.0,316.69,158.41,High,5,Self-employed,0.0,Married,Rejected
AID0059,34.0,710.36,51.92,High,3,Salaried,4.0,Single,Rejected
AID0475,64.0,322.36,334.38,High,5,Salaried,0.0,Single,Approved
AID0049,29.0,253.01,195.87,Medium,5,Salaried,2.0,Married,Rejected
AID0345,83.0,262.92,300.42,Low,10,Self-employed,0.0,Married,Rejected
AID0236,66.0,489.98,220.82,Medium,7,Self-employed,0.0,Single,Approved
AID0253,28.0,495.14,191.36,Medium,3,Unemployed,0.0,Divorced,Approved
AID0022,,635.16,187.1,Low,10,Self-employed,0.0,Single,Approved
AID0314,63.0,672.56,100.94,Medium,1,Salaried,0.0,Married,Rejected
AID0460,45.0,416.02,153.67,High,3,Unemployed,0.0,Married,Approved
AID0161,49.0,348.07,156.23,Medium,10,Salaried,0.0,Single,Rejected
AID0277,37.0,727.63,,Medium,5,Salaried,0.0,Single,Approved
AID0444,57.0,415.19,174.65,Medium,1,Self-employed,0.0,Married,Approved
AID0192,59.0,156.09,184.87,High,2,Self-employed,1.0,Single,Approved
AID0386,,504.66,170.84,High,3,Salaried,0.0,Married,Approved
AID0294,35.0,689.08,191.85,Medium,5,Salaried,0.0,Married,Rejected
AID0414,22.0,367.86,,Low,2,Salaried,1.0,Married,Approved
AID0492,19.0,170.84,198.53,Medium,3,Self-employed,0.0,Married,Approved
AID0344,46.0,452.73,57.71,Low,7,Self-employed,1.0,Single,Approved
AID0258,48.0,459.84,211.36,High,5,Salaried,1.0,Single,Rejected
AID0309,34.0,610.21,199.19,Medium,7,Self-employed,1.0,Married,Rejected
AID0150,21.0,824.15,179.97,Low,3,Salaried,1.0,Married,Approved
AID0131,54.0,701.02,219.8,Low,10,Self-employed,3.0,Single,Rejected
AID0152,54.0,259.97,171.16,Medium,5,Salaried,1.0,Married,Approved
AID0360,63.0,408.61,194.63,Medium,2,Salaried,0.0,Single,Approved
AID0100,71.0,547.66,345.66,Low,7,Salaried,1.0,Married,Approved
AID0373,50.0,732.7,216.85,Medium,1,Salaried,0.0,Married,Approved
AID0088,42.0,75.18,224.97,Low,3,Self-employed,4.0,Married,Approved
AID0459,31.0,596.45,228.89,High,3,Salaried,1.0,Married,Approved
AID0331,41.0,391.62,190.1,Medium,5,Self-employed,0.0,Divorced,Approved
AID0215,39.0,770.97,100.95,Low,2,Salaried,3.0,Married,Rejected
AID0467,53.0,690.46,194.94,Low,5,Self-employed,0.0,Married,Approved
AID0122,54.0,319.89,231.59,Low,7,Salaried,0.0,Single,Approved
AID0021,47.0,51.04,287.58,High,2,Salaried,0.0,Single,Approved
AID0072,37.0,681.18,260.23,Medium,2,Unemployed,1.0,Divorced,Approved
AID0107,72.0,744.44,88.2,Medium,7,Salaried,0.0,Married,Approved
AID0271,46.0,554.8,152.12,High,7,Salaried,0.0,Married,Approved
AID0436,36.0,734.45,130.0,Medium,3,Salaried,2.0,Married,Rejected
AID0103,28.0,334.27,210.34,Low,3,Self-employed,1.0,Single,Rejected
